<?xml version="1.0" encoding="UTF-8"?>
<preferences>
 <debug showDebugMenu="0" />
 <systemtable>
  <columns>
   <connections preferredWidth="95" />
   <irq preferredWidth="34" />
  </columns>
 </systemtable>
 <clocktable>
  <columns>
   <clockname preferredWidth="175" />
   <clocksource preferredWidth="174" />
   <frequency preferredWidth="155" />
  </columns>
 </clocktable>
 <window width="1920" height="1040" x="0" y="0" />
 <library
   expandedCategories="Library/Memories and Memory Controllers/External Memory Interfaces/DDR Interfaces,Library/Memories and Memory Controllers/External Memory Interfaces/Memory Models,Library/Memories and Memory Controllers/External Memory Interfaces/SDRAM Interfaces,Library/Memories and Memory Controllers/External Memory Interfaces/LPDDR2 Interfaces,Library/Memories and Memory Controllers/External Memory Interfaces/DDR3 Interfaces,Library/Memories and Memory Controllers/External Memory Interfaces,Library/Memories and Memory Controllers/External Memory Interfaces/DDR2 Interfaces,Library/Memories and Memory Controllers/External Memory Interfaces/Memory Interfaces,Library/Microtronix,Library,Project/System,Project,Library/Memories and Memory Controllers" />
 <hdlexample language="VERILOG" />
</preferences>
