<?xml version="1.0" ?>
<LOG_ROOT>
	<PROJECT NAME="demo">
		<CBX_INST_ENTRY INSTANCE_NAME="|demo|sld_signaltap:auto_signaltap_0|sld_signaltap_impl:sld_signaltap_body|sld_signaltap_implb:sld_signaltap_body|sld_offload_buffer_mgr:\stp_non_zero_depth_offload_gen:stp_offload_buff_mgr_inst|LPM_COUNTER:read_pointer_counter" CBX_FILE_NAME="cntr_h6j.tdf"/>
		<CBX_INST_ENTRY INSTANCE_NAME="|demo|pll1:inst1|altpll:altpll_component" CBX_FILE_NAME="pll1_altpll.v"/>
		<CBX_INST_ENTRY INSTANCE_NAME="|demo|sdram_test:inst|sdram_test_sdram:sdram|mtx_sdram_avalon_random:port_A|altsyncram:\gen_dpram_b:0:dpram_b" CBX_FILE_NAME="altsyncram_98p3.tdf"/>
		<CBX_INST_ENTRY INSTANCE_NAME="|demo|sld_signaltap:auto_signaltap_0|sld_signaltap_impl:sld_signaltap_body|sld_signaltap_implb:sld_signaltap_body|altsyncram:\stp_non_zero_ram_gen:stp_buffer_ram" CBX_FILE_NAME="altsyncram_u124.tdf"/>
		<CBX_INST_ENTRY INSTANCE_NAME="|demo|sld_signaltap:auto_signaltap_0|sld_signaltap_impl:sld_signaltap_body|sld_signaltap_implb:sld_signaltap_body|sld_offload_buffer_mgr:\stp_non_zero_depth_offload_gen:stp_offload_buff_mgr_inst|LPM_COUNTER:status_advance_pointer_counter" CBX_FILE_NAME="cntr_jgi.tdf"/>
		<CBX_INST_ENTRY INSTANCE_NAME="|demo|sdram_test:inst|custom_master:master_read|latency_aware_read_master:a_latency_aware_read_master|dcfifo_mixed_widths:the_master_to_user_fifo" CBX_FILE_NAME="dcfifo_j2k1.tdf"/>
		<CBX_INST_ENTRY INSTANCE_NAME="|demo|sdram_test:inst|sdram_test_sdram:sdram|mtx_sdram_avalon_random:port_A|altsyncram:dpram_a" CBX_FILE_NAME="altsyncram_ufp3.tdf"/>
		<CBX_INST_ENTRY INSTANCE_NAME="|demo|sdram_test:inst|sdram_test_sdram:sdram|mtx_sdram_avalon_random:port_B|altsyncram:\gen_dpram_b:0:dpram_b" CBX_FILE_NAME="altsyncram_98p3.tdf"/>
		<CBX_INST_ENTRY INSTANCE_NAME="|demo|sld_signaltap:auto_signaltap_0|sld_signaltap_impl:sld_signaltap_body|sld_signaltap_implb:sld_signaltap_body|altdpram:\stp_non_zero_ram_gen:attribute_mem_gen:attribute_mem|lpm_mux:mux" CBX_FILE_NAME="mux_0tc.tdf"/>
		<CBX_INST_ENTRY INSTANCE_NAME="|demo|sld_signaltap:auto_signaltap_0|sld_signaltap_impl:sld_signaltap_body|sld_signaltap_implb:sld_signaltap_body|sld_offload_buffer_mgr:\stp_non_zero_depth_offload_gen:stp_offload_buff_mgr_inst|LPM_COUNTER:\adv_point_3_and_more:advance_pointer_counter" CBX_FILE_NAME="cntr_9ii.tdf"/>
		<CBX_INST_ENTRY INSTANCE_NAME="|demo|sdram_test:inst|custom_master:master_write|write_master:a_write_master|dcfifo_mixed_widths:the_user_to_master_fifo" CBX_FILE_NAME="dcfifo_otk1.tdf"/>
		<CBX_INST_ENTRY INSTANCE_NAME="|demo|sdram_test:inst|sdram_test_sdram:sdram|mtx_sdram_avalon_random:port_B|altsyncram:dpram_a" CBX_FILE_NAME="altsyncram_ufp3.tdf"/>
		<CBX_INST_ENTRY INSTANCE_NAME="|demo|sdram_test:inst|sdram_test_sdram:sdram|mtx_sdram_controller:sdram|altshift_taps:sdram_addr_delayed_rtl_0" CBX_FILE_NAME="shift_taps_ekm.tdf"/>
		<CBX_INST_ENTRY INSTANCE_NAME="|demo|sld_signaltap:auto_signaltap_0|sld_signaltap_impl:sld_signaltap_body|sld_signaltap_implb:sld_signaltap_body|altdpram:\stp_non_zero_ram_gen:attribute_mem_gen:attribute_mem|lpm_decode:wdecoder" CBX_FILE_NAME="decode_dvf.tdf"/>
		<CBX_INST_ENTRY INSTANCE_NAME="|demo|sld_signaltap:auto_signaltap_0|sld_signaltap_impl:sld_signaltap_body|sld_signaltap_implb:sld_signaltap_body|sld_offload_buffer_mgr:\stp_non_zero_depth_offload_gen:stp_offload_buff_mgr_inst|LPM_COUNTER:status_read_pointer_counter" CBX_FILE_NAME="cntr_23j.tdf"/>
	</PROJECT>
</LOG_ROOT>
