<?xml version="1.0" encoding="UTF-8"?>
<preferences>
 <debug showDebugMenu="0" />
 <systemtable>
  <columns>
   <connections preferredWidth="95" />
   <irq preferredWidth="34" />
  </columns>
 </systemtable>
 <clocktable>
  <columns>
   <clockname preferredWidth="175" />
   <clocksource preferredWidth="174" />
   <frequency preferredWidth="155" />
  </columns>
 </clocktable>
 <window width="1920" height="1040" x="0" y="0" />
 <library expandedCategories="Project,Library" />
 <hdlexample language="VERILOG" />
</preferences>
